-- phpMyAdmin SQL Dump
-- version 5.2.0
-- https://www.phpmyadmin.net/
--
-- Host: 127.0.0.1
-- Waktu pembuatan: 23 Okt 2022 pada 02.41
-- Versi server: 10.4.25-MariaDB
-- Versi PHP: 8.0.23

SET SQL_MODE = "NO_AUTO_VALUE_ON_ZERO";
START TRANSACTION;
SET time_zone = "+00:00";


/*!40101 SET @OLD_CHARACTER_SET_CLIENT=@@CHARACTER_SET_CLIENT */;
/*!40101 SET @OLD_CHARACTER_SET_RESULTS=@@CHARACTER_SET_RESULTS */;
/*!40101 SET @OLD_COLLATION_CONNECTION=@@COLLATION_CONNECTION */;
/*!40101 SET NAMES utf8mb4 */;

--
-- Database: `cheese`
--

-- --------------------------------------------------------

--
-- Struktur dari tabel `admin`
--

CREATE TABLE `admin` (
  `id_admin` int(11) NOT NULL,
  `username` varchar(100) NOT NULL,
  `password` varchar(100) NOT NULL,
  `nama_lengkap` varchar(100) NOT NULL
) ENGINE=InnoDB DEFAULT CHARSET=latin1;

--
-- Dumping data untuk tabel `admin`
--

INSERT INTO `admin` (`id_admin`, `username`, `password`, `nama_lengkap`) VALUES
(1, 'miftah', 'miftah71', 'Miftah Fadilah\r\n');

-- --------------------------------------------------------

--
-- Struktur dari tabel `ongkir`
--

CREATE TABLE `ongkir` (
  `id_ongkir` int(11) NOT NULL,
  `nama_kabupaten` varchar(50) NOT NULL,
  `tarif` int(20) NOT NULL
) ENGINE=InnoDB DEFAULT CHARSET=latin1;

--
-- Dumping data untuk tabel `ongkir`
--

INSERT INTO `ongkir` (`id_ongkir`, `nama_kabupaten`, `tarif`) VALUES
(1, 'Kabupaten Bogor Barat', 4000),
(2, 'Kabupaten Bogor Timur', 7000),
(3, 'Kabupaten Bogor Utara', 5000),
(4, 'Kabupaten Bogor Selatan', 6000),
(5, 'Kabupaten Tanah Sareal ', 8000);

-- --------------------------------------------------------

--
-- Struktur dari tabel `pelanggan`
--

CREATE TABLE `pelanggan` (
  `id_pelanggan` int(11) NOT NULL,
  `email_pelanggan` varchar(100) NOT NULL,
  `password_pelanggan` varchar(50) NOT NULL,
  `nama_pelanggan` varchar(100) NOT NULL,
  `telepon_pelanggan` varchar(20) NOT NULL,
  `alamat_pelanggan` text NOT NULL
) ENGINE=InnoDB DEFAULT CHARSET=latin1;

--
-- Dumping data untuk tabel `pelanggan`
--

INSERT INTO `pelanggan` (`id_pelanggan`, `email_pelanggan`, `password_pelanggan`, `nama_pelanggan`, `telepon_pelanggan`, `alamat_pelanggan`) VALUES
(1, 'miftahfadilah71@gmail.com', 'karungroek02', 'Miftah Fadilah', '089531852238', '                  Dramaga Gang Haji Burhan          '),
(2, 'karung@gmail.com', 'karung', 'Karung', '089531852238', 'Dramaga                '),
(3, 'leomessi@gmail.com', 'messi', 'Leo', '089531852238', 'Desa Nganjuk RT 01 RW 02 Kecamatan Zimbabwe                            ');

-- --------------------------------------------------------

--
-- Struktur dari tabel `pembayaran`
--

CREATE TABLE `pembayaran` (
  `id_pembayaran` int(11) NOT NULL,
  `id_pembelian` int(11) NOT NULL,
  `nama` varchar(100) NOT NULL,
  `bank` varchar(50) NOT NULL,
  `jumlah` int(13) NOT NULL,
  `tanggal` date NOT NULL,
  `bukti` varchar(100) NOT NULL
) ENGINE=InnoDB DEFAULT CHARSET=latin1;

--
-- Dumping data untuk tabel `pembayaran`
--

INSERT INTO `pembayaran` (`id_pembayaran`, `id_pembelian`, `nama`, `bank`, `jumlah`, `tanggal`, `bukti`) VALUES
(1, 65, 'Miftah Fadilah', 'BCA', 15000, '2022-10-21', '20221021054828Screenshot (10).png'),
(2, 68, 'Leo Messi', 'Bank Syariah', 1163000, '2022-10-22', '20221022112212Screenshot (224).png');

-- --------------------------------------------------------

--
-- Struktur dari tabel `pembelian`
--

CREATE TABLE `pembelian` (
  `id_pembelian` int(11) NOT NULL,
  `id_pelanggan` int(11) NOT NULL,
  `id_ongkir` int(11) NOT NULL,
  `tanggal_pembelian` date NOT NULL,
  `total_pembelian` int(11) NOT NULL,
  `nama_kabupaten` varchar(50) NOT NULL,
  `tarif` int(11) NOT NULL,
  `alamat_pengiriman` text NOT NULL,
  `status_pembelian` varchar(100) NOT NULL DEFAULT 'Pending',
  `resi_pembelian` varchar(50) NOT NULL
) ENGINE=InnoDB DEFAULT CHARSET=latin1;

--
-- Dumping data untuk tabel `pembelian`
--

INSERT INTO `pembelian` (`id_pembelian`, `id_pelanggan`, `id_ongkir`, `tanggal_pembelian`, `total_pembelian`, `nama_kabupaten`, `tarif`, `alamat_pengiriman`, `status_pembelian`, `resi_pembelian`) VALUES
(64, 1, 1, '2022-10-21', 19000, 'Kabupaten Bogor Barat', 4000, 'Dramaga Gang Haji Burhan', 'Pending', ''),
(65, 2, 0, '2022-10-21', 15000, '', 0, 'Dramaga', 'Sudah Dibayar', ''),
(68, 3, 5, '2022-10-22', 1163000, 'Kabupaten Tanah Sareal ', 8000, 'Desa Nganjuk RT 01 RW 03 Kecamatan Atlantis Ngajuk Barat', 'Sudah Dibayar', '');

-- --------------------------------------------------------

--
-- Struktur dari tabel `pembelian_produk`
--

CREATE TABLE `pembelian_produk` (
  `id_pembelian_produk` int(11) NOT NULL,
  `id_pembelian` int(11) NOT NULL,
  `id_produk` int(11) NOT NULL,
  `jumlah` int(11) NOT NULL,
  `nama` varchar(50) NOT NULL,
  `harga` int(15) NOT NULL,
  `subharga` int(15) NOT NULL
) ENGINE=InnoDB DEFAULT CHARSET=latin1;

--
-- Dumping data untuk tabel `pembelian_produk`
--

INSERT INTO `pembelian_produk` (`id_pembelian_produk`, `id_pembelian`, `id_produk`, `jumlah`, `nama`, `harga`, `subharga`) VALUES
(1, 64, 15, 1, 'Cheese Roll Caramel', 15000, 15000),
(2, 65, 16, 1, 'Cheese Roll Chocolate', 15000, 15000),
(5, 68, 14, 77, 'Cheese Roll Original', 15000, 1155000);

-- --------------------------------------------------------

--
-- Struktur dari tabel `produk`
--

CREATE TABLE `produk` (
  `id_produk` int(11) NOT NULL,
  `nama_produk` varchar(100) NOT NULL,
  `harga_produk` int(11) NOT NULL,
  `foto_produk` varchar(100) NOT NULL,
  `deskripsi_produk` text NOT NULL,
  `stok_produk` int(50) NOT NULL
) ENGINE=InnoDB DEFAULT CHARSET=latin1;

--
-- Dumping data untuk tabel `produk`
--

INSERT INTO `produk` (`id_produk`, `nama_produk`, `harga_produk`, `foto_produk`, `deskripsi_produk`, `stok_produk`) VALUES
(14, 'Cheese Roll Original', 15000, 'product-1665802461.jpg', 'Cheese Roll Original Taste ', 0),
(15, 'Cheese Roll Caramel', 15000, 'product-1665802484.jpg', 'Cheese Roll With Caramel Cream', 62),
(16, 'Cheese Roll Chocolate', 15000, 'product-1665802507.jpg', 'Cheese Roll With Chocolate', 98),
(17, 'Cheese Roll Strawberry', 15000, 'product-1665802547.jpg', 'Cheese Roll With Topping Strawberry', 100);

--
-- Indexes for dumped tables
--

--
-- Indeks untuk tabel `admin`
--
ALTER TABLE `admin`
  ADD PRIMARY KEY (`id_admin`);

--
-- Indeks untuk tabel `ongkir`
--
ALTER TABLE `ongkir`
  ADD PRIMARY KEY (`id_ongkir`);

--
-- Indeks untuk tabel `pelanggan`
--
ALTER TABLE `pelanggan`
  ADD PRIMARY KEY (`id_pelanggan`);

--
-- Indeks untuk tabel `pembayaran`
--
ALTER TABLE `pembayaran`
  ADD PRIMARY KEY (`id_pembayaran`),
  ADD KEY `id_pembelian` (`id_pembelian`);

--
-- Indeks untuk tabel `pembelian`
--
ALTER TABLE `pembelian`
  ADD PRIMARY KEY (`id_pembelian`),
  ADD KEY `id_pelanggan` (`id_pelanggan`),
  ADD KEY `id_ongkir` (`id_ongkir`);

--
-- Indeks untuk tabel `pembelian_produk`
--
ALTER TABLE `pembelian_produk`
  ADD PRIMARY KEY (`id_pembelian_produk`),
  ADD KEY `id_produk` (`id_produk`),
  ADD KEY `id_pembelian` (`id_pembelian`);

--
-- Indeks untuk tabel `produk`
--
ALTER TABLE `produk`
  ADD PRIMARY KEY (`id_produk`);

--
-- AUTO_INCREMENT untuk tabel yang dibuang
--

--
-- AUTO_INCREMENT untuk tabel `admin`
--
ALTER TABLE `admin`
  MODIFY `id_admin` int(11) NOT NULL AUTO_INCREMENT, AUTO_INCREMENT=2;

--
-- AUTO_INCREMENT untuk tabel `ongkir`
--
ALTER TABLE `ongkir`
  MODIFY `id_ongkir` int(11) NOT NULL AUTO_INCREMENT, AUTO_INCREMENT=6;

--
-- AUTO_INCREMENT untuk tabel `pelanggan`
--
ALTER TABLE `pelanggan`
  MODIFY `id_pelanggan` int(11) NOT NULL AUTO_INCREMENT, AUTO_INCREMENT=4;

--
-- AUTO_INCREMENT untuk tabel `pembayaran`
--
ALTER TABLE `pembayaran`
  MODIFY `id_pembayaran` int(11) NOT NULL AUTO_INCREMENT, AUTO_INCREMENT=3;

--
-- AUTO_INCREMENT untuk tabel `pembelian`
--
ALTER TABLE `pembelian`
  MODIFY `id_pembelian` int(11) NOT NULL AUTO_INCREMENT, AUTO_INCREMENT=69;

--
-- AUTO_INCREMENT untuk tabel `pembelian_produk`
--
ALTER TABLE `pembelian_produk`
  MODIFY `id_pembelian_produk` int(11) NOT NULL AUTO_INCREMENT, AUTO_INCREMENT=6;

--
-- AUTO_INCREMENT untuk tabel `produk`
--
ALTER TABLE `produk`
  MODIFY `id_produk` int(11) NOT NULL AUTO_INCREMENT, AUTO_INCREMENT=18;

--
-- Ketidakleluasaan untuk tabel pelimpahan (Dumped Tables)
--

--
-- Ketidakleluasaan untuk tabel `pembayaran`
--
ALTER TABLE `pembayaran`
  ADD CONSTRAINT `pembayaran_ibfk_1` FOREIGN KEY (`id_pembelian`) REFERENCES `pembelian` (`id_pembelian`);

--
-- Ketidakleluasaan untuk tabel `pembelian_produk`
--
ALTER TABLE `pembelian_produk`
  ADD CONSTRAINT `pembelian_produk_ibfk_1` FOREIGN KEY (`id_produk`) REFERENCES `produk` (`id_produk`),
  ADD CONSTRAINT `pembelian_produk_ibfk_2` FOREIGN KEY (`id_pembelian`) REFERENCES `pembelian` (`id_pembelian`);
COMMIT;

/*!40101 SET CHARACTER_SET_CLIENT=@OLD_CHARACTER_SET_CLIENT */;
/*!40101 SET CHARACTER_SET_RESULTS=@OLD_CHARACTER_SET_RESULTS */;
/*!40101 SET COLLATION_CONNECTION=@OLD_COLLATION_CONNECTION */;
